Name,Assigned_Area,Detected_In_Address,Full_Address
Nongor - নোঙ্গর Rooftop,Mirpur 12,Mirpur 1,"12, Nur Islam Mollah Avenue Holding No# 5 Shujaat Nagar, 1216 Bus stand, Mirpur 12, Dhaka"
AVANO - Asian Fusion Restaurant,Mirpur 12,Mirpur 1,"House 45, Level 9, Safura Tower, Rd No. 7, Mirpur 12, Dhaka"
The Cuisine Hub,Mirpur 12,Mirpur 1,"Top Floor, Ramjannessa Super Market, 142 Mirpur Senanibash Road, Mirpur 12, Dhaka"
Posh Lounge Rooftop,Mirpur 12,Mirpur 1,"Safura Tower (Beside Pallabi Metro Station) House 45, Level-9, Road-7, Mirpur-12, Mirpur 12, Dhaka"
Hawa Rooftop Restaurant,Mirpur 12,Mirpur 1,"Mirpur 12, Dhaka"
IZ Pâtisserie and Café - Mirpur Branch,Mirpur 12,Mirpur 1,"B.A, House #45 Rd No. 7, Mirpur 12, Dhaka"
RENEGADES CAFE (Mirpur 10),Mirpur 10,Mirpur 1,"5th Floor, Green Avenue Park, Plot 01 Rd 3, Mirpur 10, Dhaka"
The Cafe Rio Ltd. (Mirpur Branch),Mirpur 12,Mirpur 1,"Prince Bazar Building, Sultan Mansion, (7th Floor) Holding. 3, Begum Rokeya Avenue, Pallabi Bus Stand (Metro Rail 170 No. Pillar, Mirpur 12, Dhaka"
EDIBOWL Mirpur-12,Mirpur 12,Mirpur 1,"House#45, Road#7, Block#A, 45 Rd No. 7, Mirpur 12, Dhaka"
Nongor - নোঙ্গর Rooftop,Mirpur 12,Mirpur 1,"12, Nur Islam Mollah Avenue Holding No# 5 Shujaat Nagar, 1216 Bus stand, Mirpur 12, Dhaka"
Joyti's World | Chinese Restaurant | Mirpur,Mirpur 10,Mirpur 1,"Mirpur 10, Dhaka"
The Cuisine Hub,Mirpur 12,Mirpur 1,"Top Floor, Ramjannessa Super Market, 142 Mirpur Senanibash Road, Mirpur 12, Dhaka"
Metro Escape,Mirpur 10,Mirpur 1,"Mirpur 10, Dhaka"
Meghboroni (মেঘবরণী),Mirpur 10,Mirpur 1,"Plot 1/1, Lane, 14 Avenue 5, Mirpur 10, Dhaka"
Posh Lounge Rooftop,Mirpur 12,Mirpur 1,"Safura Tower (Beside Pallabi Metro Station) House 45, Level-9, Road-7, Mirpur-12, Mirpur 12, Dhaka"
EDIBOWL Mirpur-12,Mirpur 12,Mirpur 1,"House#45, Road#7, Block#A, 45 Rd No. 7, Mirpur 12, Dhaka"
T&C,Mirpur 10,Mirpur 1,"R948+82F, Mirpur Rd, Mirpur 10, Dhaka"
Dhaka Cafe,Mirpur 10,Mirpur 1,"H: 9/1, Lane: 18, Block: C, Mirpur : 10 1216, Mirpur 10, Dhaka"
Rabbani Hotel & Restaurant,Mirpur 10,Mirpur 1,"Plot# 55, Avenue# 1, Block# B Roundabout, Mirpur 10, Dhaka"
Rabbani Hotel and Restaurant,Mirpur 10,Mirpur 1,"Amena Estate, 232 Begum Rokeya Avenue, Mirpur 10, Dhaka"
Flavour Cafe & Restaurant,Mirpur 10,Mirpur 1,"Mirpur 10, Dhaka"
Soya,Mirpur 10,Mirpur 1,"House 1/2, Hyperion Krishnachura Heights, Avenue 5, Mirpur 10, Dhaka"
Delicious Cuisine Mirpur 11,Mirpur 11,Mirpur 1,"Block A, House 18, Main Road No. 3, Mirpur 11, Dhaka"
Assurance Farm Cafe- Benaroshi Polli,Mirpur 10,Mirpur 1,"Mirpur 10, Dhaka"
Piyang King Thai and Chinese Restaurant - Mirpur-10,Mirpur 10,Mirpur 1,"Plot 19 , Main Road, 1 Roundabout, Mirpur 10, Dhaka"
Cornucopia,Mirpur 10,Mirpur 1,"House no. 6, Road 18, Block B Roundabout, Mirpur 10, Dhaka"
Hello Dine,Mirpur 10,Mirpur 1,"House-27 Road No. 1, Mirpur 10, Dhaka"
Bay Leaf Restaurant,Mirpur 10,Mirpur 1,"House 2 Rd No 5, Mirpur 10, Dhaka"
Pizza Star - Mirpur 10,Mirpur 10,Mirpur 1,"House 1, Lane No 10, Block B, 1216, Mirpur 10, Dhaka"
ঢাকাই খানা Dhakai Khana,Mirpur 10,Mirpur 1,"Mirpur 10, Dhaka"
"Four Seasons Restaurant, Mirpur-11",Mirpur 11,Mirpur 1,"Mirpur 11, Dhaka"
Burger Town - Mirpur,Mirpur 10,Mirpur 1,"House No. -2, Road No. – 4,Block – A, Section – 6 Mirpur -10, Kacci Bhai er Niche Mirpur Bangladesh, Mirpur 10, Dhaka"
Darjeeling Momo Station Bangladesh Mirpur 10,Mirpur 10,Mirpur 1,"Mirpur 10, Dhaka"
Kathbadam Restaurant,Mirpur 10,Mirpur 1,"Dasura Tower (2nd Floor), Mirpur Road, Mirpur 10, Dhaka"
Kudos Mirpur,Mirpur 10,Mirpur 1,"Block F, Shop No, 2 Road No. 5, Mirpur 10, Dhaka"
Takeout Mirpur 11,Mirpur 11,Mirpur 1,"Mirpur 11, Dhaka"
Coffee House,Mirpur 10,Mirpur 1,"11/2, Block - B, House - 1, 1216 Road, Mirpur 10, Dhaka"
RENEGADES CAFE (Mirpur 10),Mirpur 10,Mirpur 1,"5th Floor, Green Avenue Park, Plot 01 Rd 3, Mirpur 10, Dhaka"
Checkmate Café,Mirpur 10,Mirpur 1,"Rd No 17, Mirpur 10, Dhaka"
Coffee Mania,Mirpur 10,Mirpur 1,"Line-6, House # 16, Mirpur 10, Dhaka"
Tech to tech,Mirpur 10,Mirpur 1,"Mirpur 10, Dhaka"
Urbán Café,Mirpur 10,Mirpur 1,"Mirpur 10, Dhaka"
Crimson Cup Mirpur 12,Mirpur 12,Mirpur 1,"Mirpur 12, Dhaka"
Turkish Cafe Store,Mirpur 10,Mirpur 1,"Mirpur 10, Dhaka"
"Café Metro, Mirpur",Mirpur 10,Mirpur 1,"House-2 Ln. No. 2, Mirpur 10, Dhaka"
Bean and Leaf,Mirpur 10,Mirpur 1,"10-C,2, 10 Rd No. 2, Mirpur 10, Dhaka"
CAFE Mushroom,Mirpur 10,Mirpur 1,"Block C, House #1 Rd No 20, Mirpur 10, Dhaka"
Coffee Gate,Mirpur 10,Mirpur 1,"Mirpur 10, Dhaka"
Cha & Chill,Mirpur 10,Mirpur 1,"46 Avenue 5, Mirpur 10, Dhaka"
Cafe Imperial - Chinese Restaurant,Mirpur 10,Mirpur 1,"Mirpur 10, Dhaka"
Tasty Treat - Mirpur 10,Mirpur 10,Mirpur 1,"39/1/B, Block-kha Boundary Rd, Mirpur 10, Dhaka"
Cafe 99,Mirpur 10,Mirpur 1,"R94G+X3W, Rd No 22, Mirpur 10, Dhaka"
Cafe Glory,Mirpur 10,Mirpur 1,"1, Plot-31, Mirpur Main Road, Mirpur-10, Mirpur 10, Dhaka"
Plasma Cafe,Mirpur 10,Mirpur 1,"House 10, Road 03 Roundabout, Mirpur 10, Dhaka"
Khana's Mirpur,Mirpur 10,Mirpur 1,"Block C, Avenue 5, Mirpur 10, Dhaka"
Burgerii,Mirpur 10,Mirpur 1,"House: 1/7, Road: 19, Mirpur 10, Dhaka"
"Burger Xpress - Benaroshi, Mirpur 10",Mirpur 10,Mirpur 1,"Mirpur 10, Dhaka"
Pizzaria,Mirpur 10,Mirpur 1,"Mirpur 10, Dhaka"
The Cafe Rio Ltd. (Mirpur Branch),Mirpur 12,Mirpur 1,"Prince Bazar Building, Sultan Mansion, (7th Floor) Holding. 3, Begum Rokeya Avenue, Pallabi Bus Stand (Metro Rail 170 No. Pillar, Mirpur 12, Dhaka"
Sky Moon Lounge & Rooftop,Mirpur 11,Mirpur 1,"Mirpur 11, Dhaka"
Nongor - নোঙ্গর Rooftop,Mirpur 12,Mirpur 1,"12, Nur Islam Mollah Avenue Holding No# 5 Shujaat Nagar, 1216 Bus stand, Mirpur 12, Dhaka"
Metro Escape,Mirpur 11,Mirpur 1,"Mirpur 11, Dhaka"
"Station by Chef's Table, Mirpur",Mirpur 11,Mirpur 1,"Mirpur 11, Dhaka"
"Four Seasons Restaurant, Mirpur-11",Mirpur 11,Mirpur 1,"Mirpur 11, Dhaka"
Takeout Mirpur 11,Mirpur 11,Mirpur 1,"Mirpur 11, Dhaka"
AVANO - Asian Fusion Restaurant,Mirpur 11,Mirpur 1,"House 45, Level 9, Safura Tower, Rd No. 7, Mirpur 11, Dhaka"
Posh Lounge Rooftop,Mirpur 12,Mirpur 1,"Safura Tower (Beside Pallabi Metro Station) House 45, Level-9, Road-7, Mirpur-12, Mirpur 12, Dhaka"
The Cuisine Hub,Mirpur 11,Mirpur 1,"Top Floor, Ramjannessa Super Market, 142 Mirpur Senanibash Road, Mirpur 11, Dhaka"
EDIBOWL Mirpur-12,Mirpur 12,Mirpur 1,"House#45, Road#7, Block#A, 45 Rd No. 7, Mirpur 12, Dhaka"
Metro Cuisine,Mirpur 11,Mirpur 1,"Mirpur 11, Dhaka"
T&C,Mirpur 11,Mirpur 1,"R948+82F, Mirpur Rd, Mirpur 11, Dhaka"
The Premium Lounge,Mirpur 11,Mirpur 1,"Mirpur 11, Dhaka"
"Shawarma House, Mirpur 11.5",Mirpur 11,Mirpur 1,"Mirpur 11, Dhaka"
Food Valley (Vooter Mela) Restaurant,Mirpur 11,Mirpur 1,"Mirpur 11, Dhaka"
The Buffet Stories - Mirpur,Mirpur 11,Mirpur 1,"House 16/17, RM Centre, 7th Floor, Mirpur 11, Dhaka"
Galleria Restaurant and Cafe,Mirpur 11,Mirpur 1,"2nd Floor, City Club Market, Road No #01, Mirpur 11, Dhaka"
Hungry Eyes 1 Mirpur- 11,Mirpur 11,Mirpur 1,"Mirpur 11, Dhaka"
Chilis Restaurant (Mirpur-12),Mirpur 12,Mirpur 1,"Road No.12, Mirpur 12, Dhaka"
Meghboroni (মেঘবরণী),Mirpur 11,Mirpur 1,"Plot 1/1, Lane, 14 Avenue 5, Mirpur 11, Dhaka"
Herfy Mirpur 12,Mirpur 12,Mirpur 1,"House-01, Haji Kujrat Ali Mollah Super Market, Mirpur 12, Dhaka"
Khana's Mirpur,Mirpur 11,Mirpur 1,"Block C, Avenue 5, Mirpur 11, Dhaka"
BiyeBari Restaurant - Mirpur 12,Mirpur 12,Mirpur 1,"Mirpur 12, Dhaka"
Dhaka Cafe,Mirpur 11,Mirpur 1,"H: 9/1, Lane: 18, Block: C, Mirpur : 10 1216, Mirpur 11, Dhaka"
Bay Leaf Restaurant,Mirpur 11,Mirpur 1,"House 2 Rd No 5, Mirpur 11, Dhaka"
Flavour Cafe & Restaurant,Mirpur 11,Mirpur 1,"Mirpur 11, Dhaka"
Hello Dine,Mirpur 11,Mirpur 1,"House-27 Road No. 1, Mirpur 11, Dhaka"
IZ Pâtisserie and Café - Mirpur Branch,Mirpur 11,Mirpur 1,"B.A, House #45 Rd No. 7, Mirpur 11, Dhaka"
Riddhi Book Cafe-ঋদ্ধি বুক ক্যাফে,Mirpur 11,Mirpur 1,"Block D, Plot 2, Road 9, Pallabi Rd, Mirpur 11, Dhaka"
Crimson Cup Mirpur 12,Mirpur 12,Mirpur 1,"Mirpur 12, Dhaka"
RENEGADES CAFE (Mirpur 10),Mirpur 11,Mirpur 1,"5th Floor, Green Avenue Park, Plot 01 Rd 3, Mirpur 11, Dhaka"
Cha & Chill,Mirpur 11,Mirpur 1,"46 Avenue 5, Mirpur 11, Dhaka"
Cafe Junction,Mirpur 11,Mirpur 1,"Mirpur -11, Nannu Market, Section: 11, Block: A, Road: 08, Line: 03, House: 08, Mirpur 11, Dhaka"
"Bhanga , Mirpur-11",Mirpur 11,Mirpur 1,"Mirpur 11, Dhaka"
Cafe President Park,Mirpur 11,Mirpur 1,"Mirpur 11, Dhaka"
Coffee Gate,Mirpur 11,Mirpur 1,"Mirpur 11, Dhaka"
Delicious Restaurant Cake & Cafe,Mirpur 11,Mirpur 1,"House 18, block a main road, Mirpur 11, Dhaka"
Coffee Mania,Mirpur 11,Mirpur 1,"Line-6, House # 16, Mirpur 11, Dhaka"
Chawala,Mirpur 11,Mirpur 1,"R988+R5Q, Main Road -3, Mirpur 11, Dhaka"
3 Charlie's Cafe,Mirpur 11,Mirpur 1,"House Number 14 lalmatia tempostan , G th Floor- Food Court lalmatia tempostan, Lane 8, Mirpur 11, Dhaka"
Turkish Cafe Store,Mirpur 11,Mirpur 1,"Mirpur 11, Dhaka"
The Cafe Rio Ltd. (Mirpur Branch),Mirpur 12,Mirpur 1,"Prince Bazar Building, Sultan Mansion, (7th Floor) Holding. 3, Begum Rokeya Avenue, Pallabi Bus Stand (Metro Rail 170 No. Pillar, Mirpur 12, Dhaka"
Pizzazz Cafe,Mirpur 11,Mirpur 1,"Block- A, House- 41 Avenue 5, Mirpur 11, Dhaka"
Tea N' More,Mirpur 11,Mirpur 1,"Mirpur 11, Dhaka"
"Celebrate Cafe & Restaurant (Pallabi, Mirpur)",Mirpur 11,Mirpur 1,"House 191 রোড নং ১০, Mirpur 11, Dhaka"
Sugar Rush and CO,Mirpur 11,Mirpur 1,"Plot 14 & 15, 01 Kalshi Rd, Mirpur 11, Dhaka"
Teabox Mirpur 11,Mirpur 11,Mirpur 1,"14, Section-11, Line-7, House no: 88, Mirpur 11, Dhaka"
Nongor - নোঙ্গর Rooftop,Mirpur 12,Mirpur 1,"12, Nur Islam Mollah Avenue Holding No# 5 Shujaat Nagar, 1216 Bus stand, Mirpur 12, Dhaka"
AVANO - Asian Fusion Restaurant,Mirpur 12,Mirpur 1,"House 45, Level 9, Safura Tower, Rd No. 7, Mirpur 12, Dhaka"
EDIBOWL Mirpur-12,Mirpur 12,Mirpur 1,"House#45, Road#7, Block#A, 45 Rd No. 7, Mirpur 12, Dhaka"
Posh Lounge Rooftop,Mirpur 12,Mirpur 1,"Safura Tower (Beside Pallabi Metro Station) House 45, Level-9, Road-7, Mirpur-12, Mirpur 12, Dhaka"
The Cuisine Hub,Mirpur 12,Mirpur 1,"Top Floor, Ramjannessa Super Market, 142 Mirpur Senanibash Road, Mirpur 12, Dhaka"
Hawa Rooftop Restaurant,Mirpur 12,Mirpur 1,"Mirpur 12, Dhaka"
"Eldora Restaurant, Mirpur 12, Dhaka.",Mirpur 12,Mirpur 1,"Mirpur 12, Dhaka"
Sunset Beans - Mirpur 12,Mirpur 12,Mirpur 1,"Sujat Nagar, Safura Trade City, 1, 142 Sena Nibas Road, Mirpur 12, Dhaka"
Buffet Lounge Mirpur 12,Mirpur 12,Mirpur 1,"Safura Tower City, 1, Sujat Nagar, 142 Sena Nibas Road, Mirpur 12, Dhaka"
Chillox Mirpur 12,Mirpur 12,Mirpur 1,"Mirpur 12, Dhaka"
BiyeBari Restaurant - Mirpur 12,Mirpur 12,Mirpur 1,"Mirpur 12, Dhaka"
Herfy Mirpur 12,Mirpur 12,Mirpur 1,"House-01, Haji Kujrat Ali Mollah Super Market, Mirpur 12, Dhaka"
Chilis Restaurant (Mirpur-12),Mirpur 12,Mirpur 1,"Road No.12, Mirpur 12, Dhaka"
Metro Escape,Mirpur 12,Mirpur 1,"Mirpur 12, Dhaka"
Crust and Beans Mirpur 12,Mirpur 12,Mirpur 1,"Safura Tower, Road -7, Holding -45, Block-A, Mirpur, Mirpur 12, Dhaka"
Melting Pot (Mirpur 12),Mirpur 12,Mirpur 1,"2 No Harunabad, Ramzannessa Super Market (1st floor Front Side, 142 Senanibash Road · Casual restaurant chain for fondue meals, Mirpur 12, Dhaka"
Signature Food Court,Mirpur 12,Mirpur 1,"Mirpur 12, Dhaka"
Food Engineering Pallabi,Mirpur 12,Mirpur 1,"House#45 Rd No. 7, Mirpur 12, Dhaka"
Cravito,Mirpur 12,Mirpur 1,"Block D, House 25 Road 29, Mirpur 12, Dhaka"
Galleria Restaurant and Cafe,Mirpur 12,Mirpur 1,"2nd Floor, City Club Market, Road No #01, Mirpur 12, Dhaka"
Khana's Mirpur 12,Mirpur 12,Mirpur 1,"Mirpur 12, Dhaka"
Al Baraka Hotel & Restaurant (Unit 2),Mirpur 12,Mirpur 1,"Mirpur 12, Dhaka"
Arabian,Mirpur 12,Mirpur 1,"Mirpur 12, Dhaka"
Mirpur-12,Mirpur 12,Mirpur 1,"12 Mirpur Rd, Mirpur 12, Dhaka"
Banolata Coffee Shop and Restaurant,Mirpur 12,Mirpur 1,"Mirpur 12, Dhaka"
Bismillah Biriyani House,Mirpur 12,Mirpur 1,"R9H9+H5F, Road No. 1, Mirpur 12, Dhaka"
Grand Prince Chinese & Convention Hall,Mirpur 12,Mirpur 1,"Mirpur 12, Dhaka"
Abesh Hotel and Restaurant (Branch- 02),Mirpur 12,Mirpur 1,"Mirpur 12, Dhaka"
Xinxian Restaurant | Mirpur-10,Mirpur 12,Mirpur 1,"Plot-11 Road No. 8, Mirpur 12, Dhaka"
Domino's Pizza Mirpur 12,Mirpur 12,Mirpur 1,"Mirpur 12, Dhaka"
"Shawarma House, Mirpur 11.5",Mirpur 12,Mirpur 1,"Mirpur 12, Dhaka"
Food Valley (Vooter Mela) Restaurant,Mirpur 12,Mirpur 1,"Mirpur 12, Dhaka"
IZ Pâtisserie and Café - Mirpur Branch,Mirpur 12,Mirpur 1,"B.A, House #45 Rd No. 7, Mirpur 12, Dhaka"
Crimson Cup Mirpur 12,Mirpur 12,Mirpur 1,"Mirpur 12, Dhaka"
Breadsmith - Mirpur DOHS,Mirpur 12,Mirpur 1,"Mirpur 12, Dhaka"
Ash Cafe & Bistro,Mirpur 12,Mirpur 1,"Level 6, Safura Tower, House 45 Rd No. 7, Mirpur 12, Dhaka"
Cumulus Brewed in the Cloud,Mirpur 12,Mirpur 1,"45 Rd No. 7, Mirpur 12, Dhaka"
The Cafe Rio Ltd. (Mirpur Branch),Mirpur 12,Mirpur 1,"Prince Bazar Building, Sultan Mansion, (7th Floor) Holding. 3, Begum Rokeya Avenue, Pallabi Bus Stand (Metro Rail 170 No. Pillar, Mirpur 12, Dhaka"
Waffle Bae Mirpur-12,Mirpur 12,Mirpur 1,"Mirpur 12, Dhaka"
Runcha Mirpur -12,Mirpur 12,Mirpur 1,"12, 12, Nur Islam Mollah Avenue Holding No# 5, 1216 Bus stand, Mirpur 12, Dhaka"
Caffe Lattetude,Mirpur 12,Mirpur 1,"Mirpur 12, Dhaka"
THEA,Mirpur 12,Mirpur 1,"Mirpur 12, Dhaka"
"Celebrate Cafe & Restaurant (Pallabi, Mirpur)",Mirpur 12,Mirpur 1,"House 191 রোড নং ১০, Mirpur 12, Dhaka"
Cafe Twisted Burg,Mirpur 12,Mirpur 1,"Mirpur 12, Dhaka"
Goonjon Bangla Cafe,Mirpur 12,Mirpur 1,"75, 12 Kalshi Rd, Mirpur 12, Dhaka"
The Park Cafe,Mirpur 12,Mirpur 1,"620 Rd Number 9, Mirpur 12, Dhaka"
Tasty Treat Mirpur 12,Mirpur 12,Mirpur 1,"Mirpur 12, Dhaka"
Turkish Cafe Store,Mirpur 10,Mirpur 1,"Mirpur 10, Dhaka"
Tasty Treat Cafe,Mirpur 12,Mirpur 1,"13 Rd No 1, Mirpur 12, Dhaka"
"Bhanga , Mirpur-11",Mirpur 12,Mirpur 1,"Mirpur 12, Dhaka"
Japan Cafe,Mirpur 12,Mirpur 1,"Block-B, 1216, House-151 Road No. 8, Mirpur 12, Dhaka"
IZ Pâtisserie and Café - Mirpur Branch,Mirpur 12,Mirpur 1,"B.A, House #45 Rd No. 7, Mirpur 12, Dhaka"
Sultan's Dine Mirpur 10,Mirpur 10,Mirpur 1,"Roundabout, Mirpur 10, Dhaka"
Star Kabab Mirpur 10,Mirpur 10,Mirpur 1,"Near Metro Station, Mirpur 10, Dhaka"
Madchef Mirpur 10,Mirpur 10,Mirpur 1,"Block C, Mirpur 10, Dhaka"
Kacchi Bhai Mirpur 10,Mirpur 10,Mirpur 1,"Circle, Mirpur 10, Dhaka"
Buffet Stories Mirpur 10,Mirpur 10,Mirpur 1,"Main Road, Mirpur 10, Dhaka"
Cafe Rio Buffet Mirpur 10,Mirpur 10,Mirpur 1,"Roundabout, Mirpur 10, Dhaka"
Sarder's Kitchen Mirpur 10,Mirpur 10,Mirpur 1,"Senpara Parbata, Mirpur 10, Dhaka"
Pizza Burg Mirpur 10,Mirpur 10,Mirpur 1,"Roundabout, Mirpur 10, Dhaka"
Khana's Mirpur 10,Mirpur 10,Mirpur 1,"Block C, Mirpur 10, Dhaka"
Chillox Mirpur 10,Mirpur 10,Mirpur 1,"Opposite Stadium, Mirpur 10, Dhaka"
North End Coffee Roasters Mirpur 10,Mirpur 10,Mirpur 1,"Block B, Mirpur 10, Dhaka"
Beans & Bites Mirpur 10,Mirpur 10,Mirpur 1,"Metro Pillar area, Mirpur 10, Dhaka"
Bake & Brew Mirpur 10,Mirpur 10,Mirpur 1,"Roundabout area, Mirpur 10, Dhaka"
San Pie Cafe Mirpur 10,Mirpur 10,Mirpur 1,"Senpara Parbata, Mirpur 10, Dhaka"
Sky Lounge Cafe Mirpur 10,Mirpur 10,Mirpur 1,"Circle, Mirpur 10, Dhaka"
The Coffee Club Mirpur 10,Mirpur 10,Mirpur 1,"Block B, Mirpur 10, Dhaka"
Cuppa Coffee Mirpur 10,Mirpur 10,Mirpur 1,"Metro Station Exit, Mirpur 10, Dhaka"
Khana's Restaurant Mirpur 11,Mirpur 11,Mirpur 1,"Main Avenue, Mirpur 11, Dhaka"
Hungry Eyes Restaurant Mirpur 11,Mirpur 11,Mirpur 1,"Block D, Mirpur 11, Dhaka"
Pizza Inn Mirpur 11,Mirpur 11,Mirpur 1,"Block D, Avenue 5, Mirpur 11, Dhaka"
Food Engineering Pallabi,Mirpur 11,Mirpur 1,"Pallabi, Mirpur 11, Dhaka"
Mehman Bari Restaurant Mirpur 11,Mirpur 11,Mirpur 1,"Avenue 5, Pallabi, Mirpur 11, Dhaka"
Pizza Weist Mirpur 11,Mirpur 11,Mirpur 1,"Pallabi Main Road, Mirpur 11, Dhaka"
BFC Best Fried Chicken Mirpur 11,Mirpur 11,Mirpur 1,"Bus Stand, Mirpur 11, Dhaka"
Star Kabab Mirpur 11,Mirpur 11,Mirpur 1,"Avenue 5, Mirpur 11, Dhaka"
Toasted Cafe Mirpur 11,Mirpur 11,Mirpur 1,"Block D, Pallabi, Mirpur 11, Dhaka"
Cafe 11 Pallabi,Mirpur 11,Mirpur 1,"Avenue 5, Mirpur 11, Dhaka"
Bean House Cafe Mirpur 11,Mirpur 11,Mirpur 1,"Pallabi Commercial Area, Mirpur 11, Dhaka"
Chayer Golpo Mirpur 11,Mirpur 11,Mirpur 1,"Metro Area, Mirpur 11, Dhaka"
Coffee Time Pallabi,Mirpur 11,Mirpur 1,"Pallabi, Mirpur 11, Dhaka"
Cha Adda Mirpur 11,Mirpur 11,Mirpur 1,"Main Avenue, Mirpur 11, Dhaka"
Nongor Rooftop Restaurant Mirpur 12,Mirpur 12,Mirpur 1,"Near Metro Terminal, Mirpur 12, Dhaka"
Al Razzak Restaurant Mirpur 12,Mirpur 12,Mirpur 1,"Bus Stand Road, Mirpur 12, Dhaka"
Royal Restaurant Mirpur 12,Mirpur 12,Mirpur 1,"Kazipara /, Mirpur 12, Dhaka"
Pizza Lane Mirpur 12,Mirpur 12,Mirpur 1,"Old Pallabi Road, Mirpur 12, Dhaka"
Posh Lounge Rooftop Mirpur 12,Mirpur 12,Mirpur 1,"Safura Tower, Mirpur 12, Dhaka"
BFC Best Fried Chicken Mirpur 12,Mirpur 12,Mirpur 1,"Block A, Mirpur 12, Dhaka"
Hot Plate Restaurant Mirpur 12,Mirpur 12,Mirpur 1,"Terminal Road, Mirpur 12, Dhaka"
Radhuni Restaurant Mirpur 12,Mirpur 12,Mirpur 1,"Circle, Mirpur 12, Dhaka"
Mirpur Kacchi House Mirpur 12,Mirpur 12,Mirpur 1,"Bus Stand, Mirpur 12, Dhaka"
Tea Valley Mirpur 12,Mirpur 12,Mirpur 1,"Bus Stand area, Mirpur 12, Dhaka"
The Street Cafe Mirpur 12,Mirpur 12,Mirpur 1,"Near DOHS Road, Mirpur 12, Dhaka"
Matir Chayer Cup Mirpur 12,Mirpur 12,Mirpur 1,"DOHS Road, Mirpur 12, Dhaka"
Coffee Corner 12,Mirpur 12,Mirpur 1,"Terminal Area, Mirpur 12, Dhaka"
Brew & Chew Mirpur 12,Mirpur 12,Mirpur 1,"Block A, Mirpur 12, Dhaka"
Cha Shongjog Mirpur 12,Mirpur 12,Mirpur 1,"Kazipara Link Road, Mirpur 12, Dhaka"
